name,class,group
1.jpg,0,0
2.jpg,0,0
3.jpg,0,0
4.jpg,0,0
5.jpg,0,0
6.jpg,0,0
7.jpg,0,0
8.jpg,0,0
9.jpg,0,0
10.jpg,0,0
11.jpg,0,0
12.jpg,0,0
13.jpg,0,0
14.jpg,0,0
15.jpg,0,0
16.jpg,0,0
17.jpg,1,1
18.jpg,1,1
19.jpg,2,2
20.jpg,2,2
21.jpg,2,2
22.jpg,2,2
23.jpg,3,3
24.jpg,3,3
25.jpg,3,3
26.jpg,3,3
27.jpg,3,3
28.jpg,3,3
29.jpg,3,3
30.jpg,4,4
31.jpg,4,4
32.jpg,4,4
33.jpg,4,4
34.jpg,4,4
35.jpg,4,4
36.jpg,5,3
37.jpg,5,3
38.jpg,5,3
39.jpg,5,3
40.jpg,6,5
41.jpg,6,5
42.jpg,6,5
43.jpg,6,5
44.jpg,6,5
45.jpg,6,5
46.jpg,6,5
47.jpg,6,5
48.jpg,6,5
49.jpg,7,6
50.jpg,7,6
51.jpg,7,6
52.jpg,7,6
53.jpg,7,6
54.jpg,7,6
55.jpg,7,6
56.jpg,7,6
57.jpg,7,6
58.jpg,7,6
59.jpg,7,6
60.jpg,7,6
61.jpg,7,6
62.jpg,8,3
63.jpg,8,3
64.jpg,8,3
65.jpg,8,3
66.jpg,8,3
67.jpg,9,7
68.jpg,9,7
69.jpg,9,7
70.jpg,9,7
71.jpg,10,8
72.jpg,10,8
73.jpg,10,8
74.jpg,10,8
75.jpg,10,8
76.jpg,10,8
77.jpg,10,8
78.jpg,10,8
79.jpg,10,8
80.jpg,11,9
81.jpg,11,9
82.jpg,11,9
83.jpg,11,9
84.jpg,11,9
85.jpg,11,9
86.jpg,11,9
87.jpg,11,9
88.jpg,11,9
89.jpg,12,5
90.jpg,12,5
91.jpg,12,5
92.jpg,12,5
93.jpg,12,5
94.jpg,12,5
95.jpg,12,5
96.jpg,12,5
97.jpg,12,5
98.jpg,12,5
99.jpg,12,5
100.jpg,12,5
